No. overall,Season,No. in season,Title,IMDB Rating,Directed by,Written by,Showrunner,Original air date,Production code,U.S. viewers (millions),Showrunner_Greg Daniels,Showrunner_Paul Lieberstein,"Showrunner_Paul Lieberstein, Jennifer Celotta",Written by Mindy Kaling,Written by B. J. Novak,Written by Paul Lieberstein,Written by Brent Forrester,Written by Greg Daniels,Written by Justin Spitzer,Written by Jennifer Celotta,Written by Gene Stupnitsky,Written by Lee Eisenberg,Written by Charlie Grandy,Written by Michael Schur,Written by Aaron Shure,Written by Daniel Chun,Written by Carrie Kemper,Written by Warren Lieberstein,Written by Halsted Sullivan,Written by Owen Ellickson,Written by Robert Padnick,Written by Allison Silverman,Written by Steve Hely,Written by Niki Schwartz-Wright,Written by Graham Wagner,Written by Ryan Koh,Written by Anthony Q. Farrell,Written by Steve Carell,Written by Dan Greaney,Written by Jon Vitti,Written by Lester Lewis,Written by Dan Sterling,Written by Amelie Gillette,Written by Jonathan Green,Written by Gabe Miller,Written by Ricky Gervais,Written by Stephen Merchant,Written by Caroline Williams,Written by Tim McAuliffe,Written by Larry Wilmore,Written by Jonathan Hughes,Written by Peter Ocko,Written by Jason Kessler,Multipart Episode
1,1,1,"""Pilot""",7.5,Ken Kwapis,Ricky Gervais & Stephen Merchant & Greg Daniels,Greg Daniels,"March 24, 2005",1001,11.2,1,0,0,0,0,0,0,1,0,0,0,0,0,0,0,0,0,0,0,0,0,0,0,0,0,0,0,0,0,0,0,0,0,0,0,1,1,0,0,0,0,0,0,0
2,1,2,"""Diversity Day""",8.3,Ken Kwapis,B. J. Novak,Greg Daniels,"March 29, 2005",1002,6.0,1,0,0,0,1,0,0,0,0,0,0,0,0,0,0,0,0,0,0,0,0,0,0,0,0,0,0,0,0,0,0,0,0,0,0,0,0,0,0,0,0,0,0,0
3,1,3,"""Health Care""",7.8,Ken Whittingham,Paul Lieberstein,Greg Daniels,"April 5, 2005",1006,5.8,1,0,0,0,0,1,0,0,0,0,0,0,0,0,0,0,0,0,0,0,0,0,0,0,0,0,0,0,0,0,0,0,0,0,0,0,0,0,0,0,0,0,0,0
4,1,4,"""The Alliance""",8.1,Bryan Gordon,Michael Schur,Greg Daniels,"April 12, 2005",1004,5.4,1,0,0,0,0,0,0,0,0,0,0,0,0,1,0,0,0,0,0,0,0,0,0,0,0,0,0,0,0,0,0,0,0,0,0,0,0,0,0,0,0,0,0,0
5,1,5,"""Basketball""",8.4,Greg Daniels,Greg Daniels,Greg Daniels,"April 19, 2005",1005,5.0,1,0,0,0,0,0,0,1,0,0,0,0,0,0,0,0,0,0,0,0,0,0,0,0,0,0,0,0,0,0,0,0,0,0,0,0,0,0,0,0,0,0,0,0
6,1,6,"""Hot Girl""",7.7,Amy Heckerling,Mindy Kaling,Greg Daniels,"April 26, 2005",1003,4.8,1,0,0,1,0,0,0,0,0,0,0,0,0,0,0,0,0,0,0,0,0,0,0,0,0,0,0,0,0,0,0,0,0,0,0,0,0,0,0,0,0,0,0,0
7,2,1,"""The Dundies""",8.7,Greg Daniels,Mindy Kaling,Greg Daniels,"September 20, 2005",2003,9.0,1,0,0,1,0,0,0,0,0,0,0,0,0,0,0,0,0,0,0,0,0,0,0,0,0,0,0,0,0,0,0,0,0,0,0,0,0,0,0,0,0,0,0,0
8,2,2,"""Sexual Harassment""",8.2,Ken Kwapis,B. J. Novak,Greg Daniels,"September 27, 2005",2002,7.13,1,0,0,0,1,0,0,0,0,0,0,0,0,0,0,0,0,0,0,0,0,0,0,0,0,0,0,0,0,0,0,0,0,0,0,0,0,0,0,0,0,0,0,0
9,2,3,"""Office Olympics""",8.4,Paul Feig,Michael Schur,Greg Daniels,"October 4, 2005",2004,8.3,1,0,0,0,0,0,0,0,0,0,0,0,0,1,0,0,0,0,0,0,0,0,0,0,0,0,0,0,0,0,0,0,0,0,0,0,0,0,0,0,0,0,0,0
10,2,4,"""The Fire""",8.4,Ken Kwapis,B. J. Novak,Greg Daniels,"October 11, 2005",2001,7.6,1,0,0,0,1,0,0,0,0,0,0,0,0,0,0,0,0,0,0,0,0,0,0,0,0,0,0,0,0,0,0,0,0,0,0,0,0,0,0,0,0,0,0,0
11,2,5,"""Halloween""",8.1,Paul Feig,Greg Daniels,Greg Daniels,"October 18, 2005",2006,8.0,1,0,0,0,0,0,0,1,0,0,0,0,0,0,0,0,0,0,0,0,0,0,0,0,0,0,0,0,0,0,0,0,0,0,0,0,0,0,0,0,0,0,0,0
12,2,6,"""The Fight""",8.1,Ken Kwapis,Gene Stupnitsky & Lee Eisenberg,Greg Daniels,"November 1, 2005",2007,7.9,1,0,0,0,0,0,0,0,0,0,1,1,0,0,0,0,0,0,0,0,0,0,0,0,0,0,0,0,0,0,0,0,0,0,0,0,0,0,0,0,0,0,0,0
13,2,7,"""The Client""",8.6,Greg Daniels,Paul Lieberstein,Greg Daniels,"November 8, 2005",2005,7.5,1,0,0,0,0,1,0,0,0,0,0,0,0,0,0,0,0,0,0,0,0,0,0,0,0,0,0,0,0,0,0,0,0,0,0,0,0,0,0,0,0,0,0,0
14,2,8,"""Performance Review""",8.2,Paul Feig,Larry Wilmore,Greg Daniels,"November 15, 2005",2009,8.0,1,0,0,0,0,0,0,0,0,0,0,0,0,0,0,0,0,0,0,0,0,0,0,0,0,0,0,0,0,0,0,0,0,0,0,0,0,0,0,1,0,0,0,0
15,2,9,"""Email Surveillance""",8.4,Paul Feig,Jennifer Celotta,Greg Daniels,"November 22, 2005",2008,8.1,1,0,0,0,0,0,0,0,0,1,0,0,0,0,0,0,0,0,0,0,0,0,0,0,0,0,0,0,0,0,0,0,0,0,0,0,0,0,0,0,0,0,0,0
16,2,10,"""Christmas Party""",8.9,Charles McDougall,Michael Schur,Greg Daniels,"December 6, 2005",2010,9.7,1,0,0,0,0,0,0,0,0,0,0,0,0,1,0,0,0,0,0,0,0,0,0,0,0,0,0,0,0,0,0,0,0,0,0,0,0,0,0,0,0,0,0,0
17,2,11,"""Booze Cruise""",8.6,Ken Kwapis,Greg Daniels,Greg Daniels,"January 5, 2006",2013,8.7,1,0,0,0,0,0,0,1,0,0,0,0,0,0,0,0,0,0,0,0,0,0,0,0,0,0,0,0,0,0,0,0,0,0,0,0,0,0,0,0,0,0,0,0
18,2,12,"""The Injury""",9.1,Bryan Gordon,Mindy Kaling,Greg Daniels,"January 12, 2006",2011,10.3,1,0,0,1,0,0,0,0,0,0,0,0,0,0,0,0,0,0,0,0,0,0,0,0,0,0,0,0,0,0,0,0,0,0,0,0,0,0,0,0,0,0,0,0
19,2,13,"""The Secret""",8.3,Dennie Gordon,Lee Eisenberg & Gene Stupnitsky,Greg Daniels,"January 19, 2006",2014,8.7,1,0,0,0,0,0,0,0,0,0,1,1,0,0,0,0,0,0,0,0,0,0,0,0,0,0,0,0,0,0,0,0,0,0,0,0,0,0,0,0,0,0,0,0
20,2,14,"""The Carpet""",7.8,"Victor Nelli, Jr.",Paul Lieberstein,Greg Daniels,"January 26, 2006",2012,8.6,1,0,0,0,0,1,0,0,0,0,0,0,0,0,0,0,0,0,0,0,0,0,0,0,0,0,0,0,0,0,0,0,0,0,0,0,0,0,0,0,0,0,0,0
21,2,15,"""Boys and Girls""",8.1,Dennie Gordon,B. J. Novak,Greg Daniels,"February 2, 2006",2015,5.42,1,0,0,0,1,0,0,0,0,0,0,0,0,0,0,0,0,0,0,0,0,0,0,0,0,0,0,0,0,0,0,0,0,0,0,0,0,0,0,0,0,0,0,0
22,2,16,"""Valentine's Day""",8.3,Greg Daniels,Michael Schur,Greg Daniels,"February 9, 2006",2016,8.95,1,0,0,0,0,0,0,0,0,0,0,0,0,1,0,0,0,0,0,0,0,0,0,0,0,0,0,0,0,0,0,0,0,0,0,0,0,0,0,0,0,0,0,0
23,2,17,"""Dwight's Speech""",8.5,Charles McDougall,Paul Lieberstein,Greg Daniels,"March 2, 2006",2017,8.4,1,0,0,0,0,1,0,0,0,0,0,0,0,0,0,0,0,0,0,0,0,0,0,0,0,0,0,0,0,0,0,0,0,0,0,0,0,0,0,0,0,0,0,0
24,2,18,"""Take Your Daughter to Work Day""",8.3,"Victor Nelli, Jr.",Mindy Kaling,Greg Daniels,"March 16, 2006",2018,8.8,1,0,0,1,0,0,0,0,0,0,0,0,0,0,0,0,0,0,0,0,0,0,0,0,0,0,0,0,0,0,0,0,0,0,0,0,0,0,0,0,0,0,0,0
25,2,19,"""Michael's Birthday""",8.1,Ken Whittingham,Gene Stupnitsky & Lee Eisenberg,Greg Daniels,"March 30, 2006",2019,7.8,1,0,0,0,0,0,0,0,0,0,1,1,0,0,0,0,0,0,0,0,0,0,0,0,0,0,0,0,0,0,0,0,0,0,0,0,0,0,0,0,0,0,0,0
26,2,20,"""Drug Testing""",8.4,Greg Daniels,Jennifer Celotta,Greg Daniels,"April 27, 2006",2022,7.8,1,0,0,0,0,0,0,0,0,1,0,0,0,0,0,0,0,0,0,0,0,0,0,0,0,0,0,0,0,0,0,0,0,0,0,0,0,0,0,0,0,0,0,0
27,2,21,"""Conflict Resolution""",8.7,Charles McDougall,Greg Daniels,Greg Daniels,"May 4, 2006",2020,7.4,1,0,0,0,0,0,0,1,0,0,0,0,0,0,0,0,0,0,0,0,0,0,0,0,0,0,0,0,0,0,0,0,0,0,0,0,0,0,0,0,0,0,0,0
28,2,22,"""Casino Night""",9.4,Ken Kwapis,Steve Carell,Greg Daniels,"May 11, 2006",2021,7.6,1,0,0,0,0,0,0,0,0,0,0,0,0,0,0,0,0,0,0,0,0,0,0,0,0,0,0,1,0,0,0,0,0,0,0,0,0,0,0,0,0,0,0,0
29,3,1,"""Gay Witch Hunt""",9.0,Ken Kwapis,Greg Daniels,Greg Daniels,"September 21, 2006",3001,9.11,1,0,0,0,0,0,0,1,0,0,0,0,0,0,0,0,0,0,0,0,0,0,0,0,0,0,0,0,0,0,0,0,0,0,0,0,0,0,0,0,0,0,0,0
30,3,2,"""The Convention""",8.2,Ken Whittingham,Gene Stupnitsky & Lee Eisenberg,Greg Daniels,"September 28, 2006",3006,7.78,1,0,0,0,0,0,0,0,0,0,1,1,0,0,0,0,0,0,0,0,0,0,0,0,0,0,0,0,0,0,0,0,0,0,0,0,0,0,0,0,0,0,0,0
31,3,3,"""The Coup""",8.5,Greg Daniels,Paul Lieberstein,Greg Daniels,"October 5, 2006",3002,8.89,1,0,0,0,0,1,0,0,0,0,0,0,0,0,0,0,0,0,0,0,0,0,0,0,0,0,0,0,0,0,0,0,0,0,0,0,0,0,0,0,0,0,0,0
32,3,4,"""Grief Counseling""",8.0,Roger Nygard,Jennifer Celotta,Greg Daniels,"October 12, 2006",3003,8.83,1,0,0,0,0,0,0,0,0,1,0,0,0,0,0,0,0,0,0,0,0,0,0,0,0,0,0,0,0,0,0,0,0,0,0,0,0,0,0,0,0,0,0,0
33,3,5,"""Initiation""",8.1,Randall Einhorn,B. J. Novak,Greg Daniels,"October 19, 2006",3005,8.46,1,0,0,0,1,0,0,0,0,0,0,0,0,0,0,0,0,0,0,0,0,0,0,0,0,0,0,0,0,0,0,0,0,0,0,0,0,0,0,0,0,0,0,0
34,3,6,"""Diwali""",7.9,Miguel Arteta,Mindy Kaling,Greg Daniels,"November 2, 2006",3004,8.81,1,0,0,1,0,0,0,0,0,0,0,0,0,0,0,0,0,0,0,0,0,0,0,0,0,0,0,0,0,0,0,0,0,0,0,0,0,0,0,0,0,0,0,0
35,3,7,"""Branch Closing""†",8.6,Tucker Gates,Michael Schur,Greg Daniels,"November 9, 2006",3007,8.05,1,0,0,0,0,0,0,0,0,0,0,0,0,1,0,0,0,0,0,0,0,0,0,0,0,0,0,0,0,0,0,0,0,0,0,0,0,0,0,0,0,0,0,0
36,3,8,"""The Merger""†",8.7,Ken Whittingham,Brent Forrester,Greg Daniels,"November 16, 2006",3008,8.63,1,0,0,0,0,0,1,0,0,0,0,0,0,0,0,0,0,0,0,0,0,0,0,0,0,0,0,0,0,0,0,0,0,0,0,0,0,0,0,0,0,0,0,0
37,3,9,"""The Convict""",8.3,Jeffrey Blitz,Ricky Gervais & Stephen Merchant,Greg Daniels,"November 30, 2006",3010,9.07,1,0,0,0,0,0,0,0,0,0,0,0,0,0,0,0,0,0,0,0,0,0,0,0,0,0,0,0,0,0,0,0,0,0,0,1,1,0,0,0,0,0,0,0
38,3,10,"""A Benihana Christmas""",8.8,Harold Ramis,Jennifer Celotta,Greg Daniels,"December 14, 2006",3009,8.44,1,0,0,0,0,0,0,0,0,1,0,0,0,0,0,0,0,0,0,0,0,0,0,0,0,0,0,0,0,0,0,0,0,0,0,0,0,0,0,0,0,0,0,1
40,3,12,"""Back from Vacation""",8.5,Julian Farino,Justin Spitzer,Greg Daniels,"January 4, 2007",3011,8.8,1,0,0,0,0,0,0,0,1,0,0,0,0,0,0,0,0,0,0,0,0,0,0,0,0,0,0,0,0,0,0,0,0,0,0,0,0,0,0,0,0,0,0,0
41,3,13,"""Traveling Salesmen""",8.6,Greg Daniels,Michael Schur & Lee Eisenberg & Gene Stupnitsky,Greg Daniels,"January 11, 2007",3012,10.12,1,0,0,0,0,0,0,0,0,0,1,1,0,1,0,0,0,0,0,0,0,0,0,0,0,0,0,0,0,0,0,0,0,0,0,0,0,0,0,0,0,0,0,0
42,3,14,"""The Return""†",8.8,Greg Daniels,Lee Eisenberg & Gene Stupnitsky & Michael Schur,Greg Daniels,"January 18, 2007",3013,10.2,1,0,0,0,0,0,0,0,0,0,1,1,0,1,0,0,0,0,0,0,0,0,0,0,0,0,0,0,0,0,0,0,0,0,0,0,0,0,0,0,0,0,0,0
43,3,15,"""Ben Franklin""",8.1,Randall Einhorn,Mindy Kaling,Greg Daniels,"February 1, 2007",3015,10.11,1,0,0,1,0,0,0,0,0,0,0,0,0,0,0,0,0,0,0,0,0,0,0,0,0,0,0,0,0,0,0,0,0,0,0,0,0,0,0,0,0,0,0,0
44,3,16,"""Phyllis' Wedding""",8.2,Ken Whittingham,Caroline Williams,Greg Daniels,"February 8, 2007",3016,8.84,1,0,0,0,0,0,0,0,0,0,0,0,0,0,0,0,0,0,0,0,0,0,0,0,0,0,0,0,0,0,0,0,0,0,0,0,0,1,0,0,0,0,0,0
45,3,17,"""Business School""",8.9,Joss Whedon,Brent Forrester,Greg Daniels,"February 15, 2007",3017,8.84,1,0,0,0,0,0,1,0,0,0,0,0,0,0,0,0,0,0,0,0,0,0,0,0,0,0,0,0,0,0,0,0,0,0,0,0,0,0,0,0,0,0,0,0
46,3,18,"""Cocktails""",8.5,J. J. Abrams,Paul Lieberstein,Greg Daniels,"February 22, 2007",3018,8.3,1,0,0,0,0,1,0,0,0,0,0,0,0,0,0,0,0,0,0,0,0,0,0,0,0,0,0,0,0,0,0,0,0,0,0,0,0,0,0,0,0,0,0,0
47,3,19,"""The Negotiation""†",9.0,Jeffrey Blitz,Michael Schur,Greg Daniels,"April 5, 2007",3019,6.74,1,0,0,0,0,0,0,0,0,0,0,0,0,1,0,0,0,0,0,0,0,0,0,0,0,0,0,0,0,0,0,0,0,0,0,0,0,0,0,0,0,0,0,0
48,3,20,"""Safety Training""",8.8,Harold Ramis,B. J. Novak,Greg Daniels,"April 12, 2007",3020,7.71,1,0,0,0,1,0,0,0,0,0,0,0,0,0,0,0,0,0,0,0,0,0,0,0,0,0,0,0,0,0,0,0,0,0,0,0,0,0,0,0,0,0,0,0
49,3,21,"""Product Recall""",8.7,Randall Einhorn,Justin Spitzer & Brent Forrester,Greg Daniels,"April 26, 2007",3025,7.56,1,0,0,0,0,0,1,0,1,0,0,0,0,0,0,0,0,0,0,0,0,0,0,0,0,0,0,0,0,0,0,0,0,0,0,0,0,0,0,0,0,0,0,0
50,3,22,"""Women's Appreciation""†",8.8,Tucker Gates,Gene Stupnitsky & Lee Eisenberg,Greg Daniels,"May 3, 2007",3021,7.0,1,0,0,0,0,0,0,0,0,0,1,1,0,0,0,0,0,0,0,0,0,0,0,0,0,0,0,0,0,0,0,0,0,0,0,0,0,0,0,0,0,0,0,0
51,3,23,"""Beach Games""†",9.2,Harold Ramis,Jennifer Celotta & Greg Daniels,Greg Daniels,"May 10, 2007",3022,7.2,1,0,0,0,0,0,0,1,0,1,0,0,0,0,0,0,0,0,0,0,0,0,0,0,0,0,0,0,0,0,0,0,0,0,0,0,0,0,0,0,0,0,0,0
52,3,24,"""The Job""",9.3,Ken Kwapis,Paul Lieberstein & Michael Schur,Greg Daniels,"May 17, 2007",3023,7.88,1,0,0,0,0,1,0,0,0,0,0,0,0,1,0,0,0,0,0,0,0,0,0,0,0,0,0,0,0,0,0,0,0,0,0,0,0,0,0,0,0,0,0,1
54,4,1,"""Fun Run""",8.8,Greg Daniels,Greg Daniels,Greg Daniels,"September 27, 2007",4001,9.7,1,0,0,0,0,0,0,1,0,0,0,0,0,0,0,0,0,0,0,0,0,0,0,0,0,0,0,0,0,0,0,0,0,0,0,0,0,0,0,0,0,0,0,1
56,4,3,"""Dunder Mifflin Infinity""",8.3,Craig Zisk,Michael Schur,Greg Daniels,"October 4, 2007",4003,8.49,1,0,0,0,0,0,0,0,0,0,0,0,0,1,0,0,0,0,0,0,0,0,0,0,0,0,0,0,0,0,0,0,0,0,0,0,0,0,0,0,0,0,0,1
58,4,5,"""Launch Party""",8.4,Ken Whittingham,Jennifer Celotta,Greg Daniels,"October 11, 2007",4005,8.91,1,0,0,0,0,0,0,0,0,1,0,0,0,0,0,0,0,0,0,0,0,0,0,0,0,0,0,0,0,0,0,0,0,0,0,0,0,0,0,0,0,0,0,1
60,4,7,"""Money""",8.7,Paul Lieberstein,Paul Lieberstein,Greg Daniels,"October 18, 2007",4007,8.5,1,0,0,0,0,1,0,0,0,0,0,0,0,0,0,0,0,0,0,0,0,0,0,0,0,0,0,0,0,0,0,0,0,0,0,0,0,0,0,0,0,0,0,1
62,4,9,"""Local Ad""",8.8,Jason Reitman,B. J. Novak,Greg Daniels,"October 25, 2007",4009,8.98,1,0,0,0,1,0,0,0,0,0,0,0,0,0,0,0,0,0,0,0,0,0,0,0,0,0,0,0,0,0,0,0,0,0,0,0,0,0,0,0,0,0,0,0
63,4,10,"""Branch Wars""",8.5,Joss Whedon,Mindy Kaling,Greg Daniels,"November 1, 2007",4010,8.39,1,0,0,1,0,0,0,0,0,0,0,0,0,0,0,0,0,0,0,0,0,0,0,0,0,0,0,0,0,0,0,0,0,0,0,0,0,0,0,0,0,0,0,0
64,4,11,"""Survivor Man""",8.2,Paul Feig,Steve Carell,Greg Daniels,"November 8, 2007",4011,8.29,1,0,0,0,0,0,0,0,0,0,0,0,0,0,0,0,0,0,0,0,0,0,0,0,0,0,0,1,0,0,0,0,0,0,0,0,0,0,0,0,0,0,0,0
65,4,12,"""The Deposition""",8.7,Julian Farino,Lester Lewis,Greg Daniels,"November 15, 2007",4012,8.86,1,0,0,0,0,0,0,0,0,0,0,0,0,0,0,0,0,0,0,0,0,0,0,0,0,0,0,0,0,0,1,0,0,0,0,0,0,0,0,0,0,0,0,0
66,4,13,"""Dinner Party""",9.5,Paul Feig,Gene Stupnitsky & Lee Eisenberg,Greg Daniels,"April 10, 2008",4013,9.22,1,0,0,0,0,0,0,0,0,0,1,1,0,0,0,0,0,0,0,0,0,0,0,0,0,0,0,0,0,0,0,0,0,0,0,0,0,0,0,0,0,0,0,0
67,4,14,"""Chair Model""",8.0,Jeffrey Blitz,B. J. Novak,Greg Daniels,"April 17, 2008",4014,9.81,1,0,0,0,1,0,0,0,0,0,0,0,0,0,0,0,0,0,0,0,0,0,0,0,0,0,0,0,0,0,0,0,0,0,0,0,0,0,0,0,0,0,0,0
68,4,15,"""Night Out""",8.6,Ken Whittingham,Mindy Kaling,Greg Daniels,"April 24, 2008",4015,7.56,1,0,0,1,0,0,0,0,0,0,0,0,0,0,0,0,0,0,0,0,0,0,0,0,0,0,0,0,0,0,0,0,0,0,0,0,0,0,0,0,0,0,0,0
69,4,16,"""Did I Stutter?""",8.3,Randall Einhorn,Brent Forrester & Justin Spitzer,Greg Daniels,"May 1, 2008",4016,7.67,1,0,0,0,0,0,1,0,1,0,0,0,0,0,0,0,0,0,0,0,0,0,0,0,0,0,0,0,0,0,0,0,0,0,0,0,0,0,0,0,0,0,0,0
70,4,17,"""Job Fair""",7.8,Tucker Gates,Lee Eisenberg & Gene Stupnitsky,Greg Daniels,"May 8, 2008",4017,7.22,1,0,0,0,0,0,0,0,0,0,1,1,0,0,0,0,0,0,0,0,0,0,0,0,0,0,0,0,0,0,0,0,0,0,0,0,0,0,0,0,0,0,0,0
71,4,18,"""Goodbye, Toby""‡",9.3,Paul Feig,Jennifer Celotta & Paul Lieberstein,Greg Daniels,"May 15, 2008",4018,8.07,1,0,0,0,0,1,0,0,0,1,0,0,0,0,0,0,0,0,0,0,0,0,0,0,0,0,0,0,0,0,0,0,0,0,0,0,0,0,0,0,0,0,0,0
72,4,19,"""Goodbye, Toby""‡",9.3,Paul Feig,Jennifer Celotta & Paul Lieberstein,Greg Daniels,"May 15, 2008",4019,8.07,1,0,0,0,0,1,0,0,0,1,0,0,0,0,0,0,0,0,0,0,0,0,0,0,0,0,0,0,0,0,0,0,0,0,0,0,0,0,0,0,0,0,0,0
73,5,1,"""Weight Loss""",8.8,Paul Feig,Lee Eisenberg & Gene Stupnitsky,"Paul Lieberstein, Jennifer Celotta","September 25, 2008",5001,9.2,0,0,1,0,0,0,0,0,0,0,1,1,0,0,0,0,0,0,0,0,0,0,0,0,0,0,0,0,0,0,0,0,0,0,0,0,0,0,0,0,0,0,0,1
75,5,3,"""Business Ethics""",8.3,Jeffrey Blitz,Ryan Koh,"Paul Lieberstein, Jennifer Celotta","October 9, 2008",5003,8.99,0,0,1,0,0,0,0,0,0,0,0,0,0,0,0,0,0,0,0,0,0,0,0,0,0,1,0,0,0,0,0,0,0,0,0,0,0,0,0,0,0,0,0,0
76,5,4,"""Baby Shower""",8.0,Greg Daniels,Aaron Shure,"Paul Lieberstein, Jennifer Celotta","October 16, 2008",5004,8.07,0,0,1,0,0,0,0,0,0,0,0,0,0,0,1,0,0,0,0,0,0,0,0,0,0,0,0,0,0,0,0,0,0,0,0,0,0,0,0,0,0,0,0,0
77,5,5,"""Crime Aid""",8.1,Jennifer Celotta,Charlie Grandy,"Paul Lieberstein, Jennifer Celotta","October 23, 2008",5005,7.74,0,0,1,0,0,0,0,0,0,0,0,0,1,0,0,0,0,0,0,0,0,0,0,0,0,0,0,0,0,0,0,0,0,0,0,0,0,0,0,0,0,0,0,0
78,5,6,"""Employee Transfer""",8.0,David Rogers,Anthony Q. Farrell,"Paul Lieberstein, Jennifer Celotta","October 30, 2008",5006,9.32,0,0,1,0,0,0,0,0,0,0,0,0,0,0,0,0,0,0,0,0,0,0,0,0,0,0,1,0,0,0,0,0,0,0,0,0,0,0,0,0,0,0,0,0
79,5,7,"""Customer Survey""",8.5,Stephen Merchant,Lester Lewis,"Paul Lieberstein, Jennifer Celotta","November 6, 2008",5007,8.35,0,0,1,0,0,0,0,0,0,0,0,0,0,0,0,0,0,0,0,0,0,0,0,0,0,0,0,0,0,0,1,0,0,0,0,0,0,0,0,0,0,0,0,0
80,5,8,"""Business Trip""",8.2,Randall Einhorn,Brent Forrester,"Paul Lieberstein, Jennifer Celotta","November 13, 2008",5009,8.18,0,0,1,0,0,0,1,0,0,0,0,0,0,0,0,0,0,0,0,0,0,0,0,0,0,0,0,0,0,0,0,0,0,0,0,0,0,0,0,0,0,0,0,0
81,5,9,"""Frame Toby""",8.6,Jason Reitman,Mindy Kaling,"Paul Lieberstein, Jennifer Celotta","November 20, 2008",5008,8.4,0,0,1,1,0,0,0,0,0,0,0,0,0,0,0,0,0,0,0,0,0,0,0,0,0,0,0,0,0,0,0,0,0,0,0,0,0,0,0,0,0,0,0,0
82,5,10,"""The Surplus""",8.8,Paul Feig,Gene Stupnitsky & Lee Eisenberg,"Paul Lieberstein, Jennifer Celotta","December 4, 2008",5013,8.33,0,0,1,0,0,0,0,0,0,0,1,1,0,0,0,0,0,0,0,0,0,0,0,0,0,0,0,0,0,0,0,0,0,0,0,0,0,0,0,0,0,0,0,0
83,5,11,"""Moroccan Christmas""",8.4,Paul Feig,Justin Spitzer,"Paul Lieberstein, Jennifer Celotta","December 11, 2008",5010,8.79,0,0,1,0,0,0,0,0,1,0,0,0,0,0,0,0,0,0,0,0,0,0,0,0,0,0,0,0,0,0,0,0,0,0,0,0,0,0,0,0,0,0,0,0
84,5,12,"""The Duel""",8.7,Dean Holland,Jennifer Celotta,"Paul Lieberstein, Jennifer Celotta","January 15, 2009",5011,8.5,0,0,1,0,0,0,0,0,0,1,0,0,0,0,0,0,0,0,0,0,0,0,0,0,0,0,0,0,0,0,0,0,0,0,0,0,0,0,0,0,0,0,0,0
85,5,13,"""Prince Family Paper""",8.0,Asaad Kelada,B. J. Novak,"Paul Lieberstein, Jennifer Celotta","January 22, 2009",5012,8.74,0,0,1,0,1,0,0,0,0,0,0,0,0,0,0,0,0,0,0,0,0,0,0,0,0,0,0,0,0,0,0,0,0,0,0,0,0,0,0,0,0,0,0,0
86,5,14,"""Stress Relief""",9.7,Jeffrey Blitz,Paul Lieberstein,"Paul Lieberstein, Jennifer Celotta","February 1, 2009",5016,22.91,0,0,1,0,0,1,0,0,0,0,0,0,0,0,0,0,0,0,0,0,0,0,0,0,0,0,0,0,0,0,0,0,0,0,0,0,0,0,0,0,0,0,0,1
88,5,16,"""Lecture Circuit:""",8.2,Ken Kwapis,Mindy Kaling,"Paul Lieberstein, Jennifer Celotta","February 5, 2009",5014,8.39,0,0,1,1,0,0,0,0,0,0,0,0,0,0,0,0,0,0,0,0,0,0,0,0,0,0,0,0,0,0,0,0,0,0,0,0,0,0,0,0,0,0,0,1
90,5,18,"""Blood Drive""",8.0,Randall Einhorn,Brent Forrester,"Paul Lieberstein, Jennifer Celotta","March 5, 2009",5018,8.63,0,0,1,0,0,0,1,0,0,0,0,0,0,0,0,0,0,0,0,0,0,0,0,0,0,0,0,0,0,0,0,0,0,0,0,0,0,0,0,0,0,0,0,0
91,5,19,"""Golden Ticket""",8.7,Randall Einhorn,Mindy Kaling,"Paul Lieberstein, Jennifer Celotta","March 12, 2009",5019,7.51,0,0,1,1,0,0,0,0,0,0,0,0,0,0,0,0,0,0,0,0,0,0,0,0,0,0,0,0,0,0,0,0,0,0,0,0,0,0,0,0,0,0,0,0
92,5,20,"""New Boss""",8.3,Paul Feig,Lee Eisenberg & Gene Stupnitsky,"Paul Lieberstein, Jennifer Celotta","March 19, 2009",5020,7.95,0,0,1,0,0,0,0,0,0,0,1,1,0,0,0,0,0,0,0,0,0,0,0,0,0,0,0,0,0,0,0,0,0,0,0,0,0,0,0,0,0,0,0,0
93,5,21,"""Two Weeks""",8.4,Paul Lieberstein,Aaron Shure,"Paul Lieberstein, Jennifer Celotta","March 26, 2009",5021,8.45,0,0,1,0,0,0,0,0,0,0,0,0,0,0,1,0,0,0,0,0,0,0,0,0,0,0,0,0,0,0,0,0,0,0,0,0,0,0,0,0,0,0,0,0
94,5,22,"""Dream Team""",8.3,Paul Feig,B. J. Novak,"Paul Lieberstein, Jennifer Celotta","April 9, 2009",5022,7.2,0,0,1,0,1,0,0,0,0,0,0,0,0,0,0,0,0,0,0,0,0,0,0,0,0,0,0,0,0,0,0,0,0,0,0,0,0,0,0,0,0,0,0,0
95,5,23,"""Michael Scott Paper Company""",8.7,Gene Stupnitsky,Justin Spitzer,"Paul Lieberstein, Jennifer Celotta","April 9, 2009",5023,7.94,0,0,1,0,0,0,0,0,1,0,0,0,0,0,0,0,0,0,0,0,0,0,0,0,0,0,0,0,0,0,0,0,0,0,0,0,0,0,0,0,0,0,0,0
96,5,24,"""Heavy Competition""",8.7,Ken Whittingham,Ryan Koh,"Paul Lieberstein, Jennifer Celotta","April 16, 2009",5024,8.24,0,0,1,0,0,0,0,0,0,0,0,0,0,0,0,0,0,0,0,0,0,0,0,0,0,1,0,0,0,0,0,0,0,0,0,0,0,0,0,0,0,0,0,0
97,5,25,"""Broke""",9.2,Steve Carell,Charlie Grandy,"Paul Lieberstein, Jennifer Celotta","April 23, 2009",5025,7.21,0,0,1,0,0,0,0,0,0,0,0,0,1,0,0,0,0,0,0,0,0,0,0,0,0,0,0,0,0,0,0,0,0,0,0,0,0,0,0,0,0,0,0,0
98,5,26,"""Casual Friday""",8.3,Brent Forrester,Anthony Q. Farrell,"Paul Lieberstein, Jennifer Celotta","April 30, 2009",5026,7.31,0,0,1,0,0,0,0,0,0,0,0,0,0,0,0,0,0,0,0,0,0,0,0,0,0,0,1,0,0,0,0,0,0,0,0,0,0,0,0,0,0,0,0,0
99,5,27,"""Cafe Disco""",8.7,Randall Einhorn,Warren Lieberstein & Halsted Sullivan,"Paul Lieberstein, Jennifer Celotta","May 7, 2009",5027,7.71,0,0,1,0,0,0,0,0,0,0,0,0,0,0,0,0,0,1,1,0,0,0,0,0,0,0,0,0,0,0,0,0,0,0,0,0,0,0,0,0,0,0,0,0
100,5,28,"""Company Picnic""",9.0,Ken Kwapis,Jennifer Celotta & Paul Lieberstein,"Paul Lieberstein, Jennifer Celotta","May 14, 2009",5028,6.72,0,0,1,0,0,1,0,0,0,1,0,0,0,0,0,0,0,0,0,0,0,0,0,0,0,0,0,0,0,0,0,0,0,0,0,0,0,0,0,0,0,0,0,0
101,6,1,"""Gossip""",8.8,Paul Lieberstein,Paul Lieberstein,"Paul Lieberstein, Jennifer Celotta","September 17, 2009",6001,8.2,0,0,1,0,0,1,0,0,0,0,0,0,0,0,0,0,0,0,0,0,0,0,0,0,0,0,0,0,0,0,0,0,0,0,0,0,0,0,0,0,0,0,0,0
102,6,2,"""The Meeting""",8.1,Randall Einhorn,Aaron Shure,"Paul Lieberstein, Jennifer Celotta","September 24, 2009",6002,7.33,0,0,1,0,0,0,0,0,0,0,0,0,0,0,1,0,0,0,0,0,0,0,0,0,0,0,0,0,0,0,0,0,0,0,0,0,0,0,0,0,0,0,0,0
103,6,3,"""The Promotion""",8.0,Jennifer Celotta,Jennifer Celotta,"Paul Lieberstein, Jennifer Celotta","October 1, 2009",6003,7.28,0,0,1,0,0,0,0,0,0,1,0,0,0,0,0,0,0,0,0,0,0,0,0,0,0,0,0,0,0,0,0,0,0,0,0,0,0,0,0,0,0,0,0,0
104,6,4,"""Niagara""",9.4,Paul Feig,Greg Daniels & Mindy Kaling,"Paul Lieberstein, Jennifer Celotta","October 8, 2009",6004,9.42,0,0,1,1,0,0,0,1,0,0,0,0,0,0,0,0,0,0,0,0,0,0,0,0,0,0,0,0,0,0,0,0,0,0,0,0,0,0,0,0,0,0,0,1
106,6,6,"""Mafia""",7.6,David Rogers,Brent Forrester,"Paul Lieberstein, Jennifer Celotta","October 15, 2009",6006,8.1,0,0,1,0,0,0,1,0,0,0,0,0,0,0,0,0,0,0,0,0,0,0,0,0,0,0,0,0,0,0,0,0,0,0,0,0,0,0,0,0,0,0,0,0
107,6,7,"""The Lover""",8.6,Lee Eisenberg,Lee Eisenberg & Gene Stupnitsky,"Paul Lieberstein, Jennifer Celotta","October 22, 2009",6007,8.52,0,0,1,0,0,0,0,0,0,0,1,1,0,0,0,0,0,0,0,0,0,0,0,0,0,0,0,0,0,0,0,0,0,0,0,0,0,0,0,0,0,0,0,0
108,6,8,"""Koi Pond""",8.2,Reggie Hudlin,Warren Lieberstein & Halsted Sullivan,"Paul Lieberstein, Jennifer Celotta","October 29, 2009",6009,8.2,0,0,1,0,0,0,0,0,0,0,0,0,0,0,0,0,0,1,1,0,0,0,0,0,0,0,0,0,0,0,0,0,0,0,0,0,0,0,0,0,0,0,0,0
109,6,9,"""Double Date""",8.1,Seth Gordon,Charlie Grandy,"Paul Lieberstein, Jennifer Celotta","November 5, 2009",6008,7.94,0,0,1,0,0,0,0,0,0,0,0,0,1,0,0,0,0,0,0,0,0,0,0,0,0,0,0,0,0,0,0,0,0,0,0,0,0,0,0,0,0,0,0,0
110,6,10,"""Murder""",8.7,Greg Daniels,Daniel Chun,"Paul Lieberstein, Jennifer Celotta","November 12, 2009",6010,7.76,0,0,1,0,0,0,0,0,0,0,0,0,0,0,0,1,0,0,0,0,0,0,0,0,0,0,0,0,0,0,0,0,0,0,0,0,0,0,0,0,0,0,0,0
111,6,11,"""Shareholder Meeting""",8.2,Charles McDougall,Justin Spitzer,"Paul Lieberstein, Jennifer Celotta","November 19, 2009",6011,7.43,0,0,1,0,0,0,0,0,1,0,0,0,0,0,0,0,0,0,0,0,0,0,0,0,0,0,0,0,0,0,0,0,0,0,0,0,0,0,0,0,0,0,0,0
112,6,12,"""Scott's Tots""",8.3,B. J. Novak,Gene Stupnitsky & Lee Eisenberg,"Paul Lieberstein, Jennifer Celotta","December 3, 2009",6013,8.1,0,0,1,0,0,0,0,0,0,0,1,1,0,0,0,0,0,0,0,0,0,0,0,0,0,0,0,0,0,0,0,0,0,0,0,0,0,0,0,0,0,0,0,0
113,6,13,"""Secret Santa""",8.5,Randall Einhorn,Mindy Kaling,"Paul Lieberstein, Jennifer Celotta","December 10, 2009",6014,8.51,0,0,1,1,0,0,0,0,0,0,0,0,0,0,0,0,0,0,0,0,0,0,0,0,0,0,0,0,0,0,0,0,0,0,0,0,0,0,0,0,0,0,0,0
114,6,14,"""The Banker""",6.8,Jeffrey Blitz,Jason Kessler,"Paul Lieberstein, Jennifer Celotta","January 21, 2010",6012,7.29,0,0,1,0,0,0,0,0,0,0,0,0,0,0,0,0,0,0,0,0,0,0,0,0,0,0,0,0,0,0,0,0,0,0,0,0,0,0,0,0,0,0,1,0
115,6,15,"""Sabre""",7.7,John Krasinski,Jennifer Celotta,"Paul Lieberstein, Jennifer Celotta","February 4, 2010",6015,7.36,0,0,1,0,0,0,0,0,0,1,0,0,0,0,0,0,0,0,0,0,0,0,0,0,0,0,0,0,0,0,0,0,0,0,0,0,0,0,0,0,0,0,0,0
116,6,16,"""The Manager and the Salesman""",8.1,Marc Webb,Mindy Kaling,"Paul Lieberstein, Jennifer Celotta","February 11, 2010",6016,7.4,0,0,1,1,0,0,0,0,0,0,0,0,0,0,0,0,0,0,0,0,0,0,0,0,0,0,0,0,0,0,0,0,0,0,0,0,0,0,0,0,0,0,0,0
117,6,17,"""The Delivery""",8.4,Seth GordonHarold Ramis,Daniel Chun & Charlie Grandy,"Paul Lieberstein, Jennifer Celotta","March 4, 2010",6018,9.0,0,0,1,0,0,0,0,0,0,0,0,0,1,0,0,1,0,0,0,0,0,0,0,0,0,0,0,0,0,0,0,0,0,0,0,0,0,0,0,0,0,0,0,1
119,6,19,"""St. Patrick's Day""",7.7,Randall Einhorn,Jonathan Hughes,"Paul Lieberstein, Jennifer Celotta","March 11, 2010",6017,7.51,0,0,1,0,0,0,0,0,0,0,0,0,0,0,0,0,0,0,0,0,0,0,0,0,0,0,0,0,0,0,0,0,0,0,0,0,0,0,0,0,1,0,0,0
120,6,20,"""New Leads""",7.7,Brent Forrester,Brent Forrester,"Paul Lieberstein, Jennifer Celotta","March 18, 2010",6020,7.63,0,0,1,0,0,0,1,0,0,0,0,0,0,0,0,0,0,0,0,0,0,0,0,0,0,0,0,0,0,0,0,0,0,0,0,0,0,0,0,0,0,0,0,0
121,6,21,"""Happy Hour""",8.6,Matt Sohn,B. J. Novak,"Paul Lieberstein, Jennifer Celotta","March 25, 2010",6021,7.17,0,0,1,0,1,0,0,0,0,0,0,0,0,0,0,0,0,0,0,0,0,0,0,0,0,0,0,0,0,0,0,0,0,0,0,0,0,0,0,0,0,0,0,0
122,6,22,"""Secretary's Day""",7.8,Steve Carell,Mindy Kaling,"Paul Lieberstein, Jennifer Celotta","April 22, 2010",6022,6.3,0,0,1,1,0,0,0,0,0,0,0,0,0,0,0,0,0,0,0,0,0,0,0,0,0,0,0,0,0,0,0,0,0,0,0,0,0,0,0,0,0,0,0,0
123,6,23,"""Body Language""",8.0,Mindy Kaling,Justin Spitzer,"Paul Lieberstein, Jennifer Celotta","April 29, 2010",6023,7.01,0,0,1,0,0,0,0,0,1,0,0,0,0,0,0,0,0,0,0,0,0,0,0,0,0,0,0,0,0,0,0,0,0,0,0,0,0,0,0,0,0,0,0,0
124,6,24,"""The Cover-Up""",8.1,Rainn Wilson,Gene Stupnitsky & Lee Eisenberg,"Paul Lieberstein, Jennifer Celotta","May 6, 2010",6024,6.84,0,0,1,0,0,0,0,0,0,0,1,1,0,0,0,0,0,0,0,0,0,0,0,0,0,0,0,0,0,0,0,0,0,0,0,0,0,0,0,0,0,0,0,0
125,6,25,"""The Chump""",7.8,Randall Einhorn,Aaron Shure,"Paul Lieberstein, Jennifer Celotta","May 13, 2010",6025,6.6,0,0,1,0,0,0,0,0,0,0,0,0,0,0,1,0,0,0,0,0,0,0,0,0,0,0,0,0,0,0,0,0,0,0,0,0,0,0,0,0,0,0,0,0
126,6,26,"""Whistleblower""",8.0,Paul Lieberstein,Warren Lieberstein & Halsted Sullivan,"Paul Lieberstein, Jennifer Celotta","May 20, 2010",6026,6.6,0,0,1,0,0,0,0,0,0,0,0,0,0,0,0,0,0,1,1,0,0,0,0,0,0,0,0,0,0,0,0,0,0,0,0,0,0,0,0,0,0,0,0,0
127,7,1,"""Nepotism""",8.4,Jeffrey Blitz,Daniel Chun,Paul Lieberstein,"September 23, 2010",7001,8.4,0,1,0,0,0,0,0,0,0,0,0,0,0,0,0,1,0,0,0,0,0,0,0,0,0,0,0,0,0,0,0,0,0,0,0,0,0,0,0,0,0,0,0,0
128,7,2,"""Counseling""",8.2,Jeffrey Blitz,B. J. Novak,Paul Lieberstein,"September 30, 2010",7002,7.36,0,1,0,0,1,0,0,0,0,0,0,0,0,0,0,0,0,0,0,0,0,0,0,0,0,0,0,0,0,0,0,0,0,0,0,0,0,0,0,0,0,0,0,0
129,7,3,"""Andy's Play""",8.2,John Stuart Scott,Charlie Grandy,Paul Lieberstein,"October 7, 2010",7003,6.95,0,1,0,0,0,0,0,0,0,0,0,0,1,0,0,0,0,0,0,0,0,0,0,0,0,0,0,0,0,0,0,0,0,0,0,0,0,0,0,0,0,0,0,0
130,7,4,"""Sex Ed""",7.8,Paul Lieberstein,Paul Lieberstein,Paul Lieberstein,"October 14, 2010",7004,7.36,0,1,0,0,0,1,0,0,0,0,0,0,0,0,0,0,0,0,0,0,0,0,0,0,0,0,0,0,0,0,0,0,0,0,0,0,0,0,0,0,0,0,0,0
131,7,5,"""The Sting""",7.8,Randall Einhorn,Mindy Kaling,Paul Lieberstein,"October 21, 2010",7005,6.87,0,1,0,1,0,0,0,0,0,0,0,0,0,0,0,0,0,0,0,0,0,0,0,0,0,0,0,0,0,0,0,0,0,0,0,0,0,0,0,0,0,0,0,0
132,7,6,"""Costume Contest""",8.2,Dean Holland,Justin Spitzer,Paul Lieberstein,"October 28, 2010",7006,8.07,0,1,0,0,0,0,0,0,1,0,0,0,0,0,0,0,0,0,0,0,0,0,0,0,0,0,0,0,0,0,0,0,0,0,0,0,0,0,0,0,0,0,0,0
133,7,7,"""Christening""",7.4,Alex Hardcastle,Peter Ocko,Paul Lieberstein,"November 4, 2010",7007,7.65,0,1,0,0,0,0,0,0,0,0,0,0,0,0,0,0,0,0,0,0,0,0,0,0,0,0,0,0,0,0,0,0,0,0,0,0,0,0,0,0,0,1,0,0
134,7,8,"""Viewing Party""",7.8,Ken Whittingham,Jon Vitti,Paul Lieberstein,"November 11, 2010",7008,7.15,0,1,0,0,0,0,0,0,0,0,0,0,0,0,0,0,0,0,0,0,0,0,0,0,0,0,0,0,0,1,0,0,0,0,0,0,0,0,0,0,0,0,0,0
135,7,9,"""WUPHF.com""",7.7,Danny Leiner,Aaron Shure,Paul Lieberstein,"November 18, 2010",7009,7.28,0,1,0,0,0,0,0,0,0,0,0,0,0,0,1,0,0,0,0,0,0,0,0,0,0,0,0,0,0,0,0,0,0,0,0,0,0,0,0,0,0,0,0,0
136,7,10,"""China""",8.2,Charles McDougall,Halsted Sullivan & Warren Lieberstein,Paul Lieberstein,"December 2, 2010",7010,7.31,0,1,0,0,0,0,0,0,0,0,0,0,0,0,0,0,0,1,1,0,0,0,0,0,0,0,0,0,0,0,0,0,0,0,0,0,0,0,0,0,0,0,0,0
137,7,11,"""Classy Christmas""",9.0,Rainn Wilson,Mindy Kaling,Paul Lieberstein,"December 9, 2010",7011,7.18,0,1,0,1,0,0,0,0,0,0,0,0,0,0,0,0,0,0,0,0,0,0,0,0,0,0,0,0,0,0,0,0,0,0,0,0,0,0,0,0,0,0,0,1
139,7,13,"""Ultimatum""",8.3,David Rogers,Carrie Kemper,Paul Lieberstein,"January 20, 2011",7013,8.26,0,1,0,0,0,0,0,0,0,0,0,0,0,0,0,0,1,0,0,0,0,0,0,0,0,0,0,0,0,0,0,0,0,0,0,0,0,0,0,0,0,0,0,0
140,7,14,"""The Seminar""",7.6,B. J. Novak,Steve Hely,Paul Lieberstein,"January 27, 2011",7014,7.93,0,1,0,0,0,0,0,0,0,0,0,0,0,0,0,0,0,0,0,0,0,0,1,0,0,0,0,0,0,0,0,0,0,0,0,0,0,0,0,0,0,0,0,0
141,7,15,"""The Search""",8.5,Michael Spiller,Brent Forrester,Paul Lieberstein,"February 3, 2011",7015,7.29,0,1,0,0,0,0,1,0,0,0,0,0,0,0,0,0,0,0,0,0,0,0,0,0,0,0,0,0,0,0,0,0,0,0,0,0,0,0,0,0,0,0,0,0
142,7,16,"""PDA""",8.4,Greg Daniels,Robert Padnick,Paul Lieberstein,"February 10, 2011",7017,6.9,0,1,0,0,0,0,0,0,0,0,0,0,0,0,0,0,0,0,0,0,1,0,0,0,0,0,0,0,0,0,0,0,0,0,0,0,0,0,0,0,0,0,0,0
143,7,17,"""Threat Level Midnight""",9.4,Tucker Gates,B. J. Novak,Paul Lieberstein,"February 17, 2011",7016,6.41,0,1,0,0,1,0,0,0,0,0,0,0,0,0,0,0,0,0,0,0,0,0,0,0,0,0,0,0,0,0,0,0,0,0,0,0,0,0,0,0,0,0,0,0
144,7,18,"""Todd Packer""",7.5,Randall Einhorn,Amelie Gillette,Paul Lieberstein,"February 24, 2011",7018,6.12,0,1,0,0,0,0,0,0,0,0,0,0,0,0,0,0,0,0,0,0,0,0,0,0,0,0,0,0,0,0,0,0,1,0,0,0,0,0,0,0,0,0,0,0
145,7,19,"""Garage Sale""",9.3,Steve Carell,Jon Vitti,Paul Lieberstein,"March 24, 2011",7019,7.07,0,1,0,0,0,0,0,0,0,0,0,0,0,0,0,0,0,0,0,0,0,0,0,0,0,0,0,0,0,1,0,0,0,0,0,0,0,0,0,0,0,0,0,0
146,7,20,"""Training Day""",7.8,Paul Lieberstein,Daniel Chun,Paul Lieberstein,"April 14, 2011",7020,7.87,0,1,0,0,0,0,0,0,0,0,0,0,0,0,0,1,0,0,0,0,0,0,0,0,0,0,0,0,0,0,0,0,0,0,0,0,0,0,0,0,0,0,0,0
147,7,21,"""Michael's Last Dundies""",9.0,Mindy Kaling,Mindy Kaling,Paul Lieberstein,"April 21, 2011",7021,6.85,0,1,0,1,0,0,0,0,0,0,0,0,0,0,0,0,0,0,0,0,0,0,0,0,0,0,0,0,0,0,0,0,0,0,0,0,0,0,0,0,0,0,0,0
148,7,22,"""Goodbye, Michael""†",9.8,Paul Feig,Greg Daniels,Paul Lieberstein,"April 28, 2011",7022,8.42,0,1,0,0,0,0,0,1,0,0,0,0,0,0,0,0,0,0,0,0,0,0,0,0,0,0,0,0,0,0,0,0,0,0,0,0,0,0,0,0,0,0,0,0
149,7,23,"""The Inner Circle""",7.6,Matt Sohn,Charlie Grandy,Paul Lieberstein,"May 5, 2011",7023,6.9,0,1,0,0,0,0,0,0,0,0,0,0,1,0,0,0,0,0,0,0,0,0,0,0,0,0,0,0,0,0,0,0,0,0,0,0,0,0,0,0,0,0,0,0
150,7,24,"""Dwight K. Schrute, (Acting) Manager""",8.7,Troy Miller,Justin Spitzer,Paul Lieberstein,"May 12, 2011",7024,6.45,0,1,0,0,0,0,0,0,1,0,0,0,0,0,0,0,0,0,0,0,0,0,0,0,0,0,0,0,0,0,0,0,0,0,0,0,0,0,0,0,0,0,0,0
151,7,25,"""Search Committee""",8.8,Jeffrey Blitz,Paul Lieberstein,Paul Lieberstein,"May 19, 2011",7025,7.29,0,1,0,0,0,1,0,0,0,0,0,0,0,0,0,0,0,0,0,0,0,0,0,0,0,0,0,0,0,0,0,0,0,0,0,0,0,0,0,0,0,0,0,1
153,8,1,"""The List""",8.1,B. J. Novak,B. J. Novak,Paul Lieberstein,"September 22, 2011",8002,7.64,0,1,0,0,1,0,0,0,0,0,0,0,0,0,0,0,0,0,0,0,0,0,0,0,0,0,0,0,0,0,0,0,0,0,0,0,0,0,0,0,0,0,0,0
154,8,2,"""The Incentive""",8.1,Charles McDougall,Paul Lieberstein,Paul Lieberstein,"September 29, 2011",8001,6.7,0,1,0,0,0,1,0,0,0,0,0,0,0,0,0,0,0,0,0,0,0,0,0,0,0,0,0,0,0,0,0,0,0,0,0,0,0,0,0,0,0,0,0,0
155,8,3,"""Lotto""",7.3,John Krasinski,Charlie Grandy,Paul Lieberstein,"October 6, 2011",8005,5.82,0,1,0,0,0,0,0,0,0,0,0,0,1,0,0,0,0,0,0,0,0,0,0,0,0,0,0,0,0,0,0,0,0,0,0,0,0,0,0,0,0,0,0,0
156,8,4,"""Garden Party""",8.1,David Rogers,Justin Spitzer,Paul Lieberstein,"October 13, 2011",8004,6.08,0,1,0,0,0,0,0,0,1,0,0,0,0,0,0,0,0,0,0,0,0,0,0,0,0,0,0,0,0,0,0,0,0,0,0,0,0,0,0,0,0,0,0,0
157,8,5,"""Spooked""",7.5,Randall Einhorn,Carrie Kemper,Paul Lieberstein,"October 27, 2011",8006,5.53,0,1,0,0,0,0,0,0,0,0,0,0,0,0,0,0,1,0,0,0,0,0,0,0,0,0,0,0,0,0,0,0,0,0,0,0,0,0,0,0,0,0,0,0
158,8,6,"""Doomsday""",7.7,Troy Miller,Daniel Chun,Paul Lieberstein,"November 3, 2011",8003,6.15,0,1,0,0,0,0,0,0,0,0,0,0,0,0,0,1,0,0,0,0,0,0,0,0,0,0,0,0,0,0,0,0,0,0,0,0,0,0,0,0,0,0,0,0
159,8,7,"""Pam's Replacement""",7.7,Matt Sohn,Allison Silverman,Paul Lieberstein,"November 10, 2011",8007,5.96,0,1,0,0,0,0,0,0,0,0,0,0,0,0,0,0,0,0,0,0,0,1,0,0,0,0,0,0,0,0,0,0,0,0,0,0,0,0,0,0,0,0,0,0
160,8,8,"""Gettysburg""",6.9,Jeffrey Blitz,Robert Padnick,Paul Lieberstein,"November 17, 2011",8008,5.5,0,1,0,0,0,0,0,0,0,0,0,0,0,0,0,0,0,0,0,0,1,0,0,0,0,0,0,0,0,0,0,0,0,0,0,0,0,0,0,0,0,0,0,0
161,8,9,"""Mrs. California""",7.7,Charlie Grandy,Dan Greaney,Paul Lieberstein,"December 1, 2011",8009,5.71,0,1,0,0,0,0,0,0,0,0,0,0,0,0,0,0,0,0,0,0,0,0,0,0,0,0,0,0,1,0,0,0,0,0,0,0,0,0,0,0,0,0,0,0
162,8,10,"""Christmas Wishes""",7.9,Ed Helms,Mindy Kaling,Paul Lieberstein,"December 8, 2011",8010,5.79,0,1,0,1,0,0,0,0,0,0,0,0,0,0,0,0,0,0,0,0,0,0,0,0,0,0,0,0,0,0,0,0,0,0,0,0,0,0,0,0,0,0,0,0
163,8,11,"""Trivia""",7.9,B. J. Novak,Steve Hely,Paul Lieberstein,"January 12, 2012",8011,5.9,0,1,0,0,0,0,0,0,0,0,0,0,0,0,0,0,0,0,0,0,0,0,1,0,0,0,0,0,0,0,0,0,0,0,0,0,0,0,0,0,0,0,0,0
164,8,12,"""Pool Party""",8.0,Charles McDougall,Owen Ellickson,Paul Lieberstein,"January 19, 2012",8012,6.02,0,1,0,0,0,0,0,0,0,0,0,0,0,0,0,0,0,0,0,1,0,0,0,0,0,0,0,0,0,0,0,0,0,0,0,0,0,0,0,0,0,0,0,0
165,8,13,"""Jury Duty""",7.4,Eric Appel,Aaron Shure,Paul Lieberstein,"February 2, 2012",8013,5.31,0,1,0,0,0,0,0,0,0,0,0,0,0,0,1,0,0,0,0,0,0,0,0,0,0,0,0,0,0,0,0,0,0,0,0,0,0,0,0,0,0,0,0,0
166,8,14,"""Special Project""",7.7,David Rogers,Amelie Gillette,Paul Lieberstein,"February 9, 2012",8014,5.19,0,1,0,0,0,0,0,0,0,0,0,0,0,0,0,0,0,0,0,0,0,0,0,0,0,0,0,0,0,0,0,0,1,0,0,0,0,0,0,0,0,0,0,0
167,8,15,"""Tallahassee""",7.8,Matt Sohn,Daniel Chun,Paul Lieberstein,"February 16, 2012",8015,4.38,0,1,0,0,0,0,0,0,0,0,0,0,0,0,0,1,0,0,0,0,0,0,0,0,0,0,0,0,0,0,0,0,0,0,0,0,0,0,0,0,0,0,0,0
168,8,16,"""After Hours""",8.1,Brian Baumgartner,Halsted Sullivan & Warren Lieberstein,Paul Lieberstein,"February 23, 2012",8016,5.02,0,1,0,0,0,0,0,0,0,0,0,0,0,0,0,0,0,1,1,0,0,0,0,0,0,0,0,0,0,0,0,0,0,0,0,0,0,0,0,0,0,0,0,0
169,8,17,"""Test the Store""",7.8,Brent Forrester,Mindy Kaling,Paul Lieberstein,"March 1, 2012",8017,4.95,0,1,0,1,0,0,0,0,0,0,0,0,0,0,0,0,0,0,0,0,0,0,0,0,0,0,0,0,0,0,0,0,0,0,0,0,0,0,0,0,0,0,0,0
170,8,18,"""Last Day in Florida""",7.8,Matt Sohn,Robert Padnick,Paul Lieberstein,"March 8, 2012",8018,4.89,0,1,0,0,0,0,0,0,0,0,0,0,0,0,0,0,0,0,0,0,1,0,0,0,0,0,0,0,0,0,0,0,0,0,0,0,0,0,0,0,0,0,0,0
171,8,19,"""Get the Girl""",6.6,Rainn Wilson,Charlie Grandy,Paul Lieberstein,"March 15, 2012",8019,4.87,0,1,0,0,0,0,0,0,0,0,0,0,1,0,0,0,0,0,0,0,0,0,0,0,0,0,0,0,0,0,0,0,0,0,0,0,0,0,0,0,0,0,0,0
172,8,20,"""Welcome Party""",7.1,Ed Helms,Steve Hely,Paul Lieberstein,"April 12, 2012",8020,4.39,0,1,0,0,0,0,0,0,0,0,0,0,0,0,0,0,0,0,0,0,0,0,1,0,0,0,0,0,0,0,0,0,0,0,0,0,0,0,0,0,0,0,0,0
173,8,21,"""Angry Andy""",7.0,Claire Scanlon,Justin Spitzer,Paul Lieberstein,"April 19, 2012",8021,4.35,0,1,0,0,0,0,0,0,1,0,0,0,0,0,0,0,0,0,0,0,0,0,0,0,0,0,0,0,0,0,0,0,0,0,0,0,0,0,0,0,0,0,0,0
174,8,22,"""Fundraiser""",7.0,David Rogers,Owen Ellickson,Paul Lieberstein,"April 26, 2012",8022,4.17,0,1,0,0,0,0,0,0,0,0,0,0,0,0,0,0,0,0,0,1,0,0,0,0,0,0,0,0,0,0,0,0,0,0,0,0,0,0,0,0,0,0,0,0
175,8,23,"""Turf War""",7.6,Daniel Chun,Warren Lieberstein & Halsted Sullivan,Paul Lieberstein,"May 3, 2012",8023,4.44,0,1,0,0,0,0,0,0,0,0,0,0,0,0,0,0,0,1,1,0,0,0,0,0,0,0,0,0,0,0,0,0,0,0,0,0,0,0,0,0,0,0,0,0
176,8,24,"""Free Family Portrait Studio""",7.7,B. J. Novak,B. J. Novak,Paul Lieberstein,"May 10, 2012",8024,4.49,0,1,0,0,1,0,0,0,0,0,0,0,0,0,0,0,0,0,0,0,0,0,0,0,0,0,0,0,0,0,0,0,0,0,0,0,0,0,0,0,0,0,0,0
177,9,1,"""New Guys""",7.6,Greg Daniels,Greg Daniels,Greg Daniels,"September 20, 2012",9001,4.28,1,0,0,0,0,0,0,1,0,0,0,0,0,0,0,0,0,0,0,0,0,0,0,0,0,0,0,0,0,0,0,0,0,0,0,0,0,0,0,0,0,0,0,0
178,9,2,"""Roy's Wedding""",7.1,Matt Sohn,Allison Silverman,Greg Daniels,"September 27, 2012",9002,4.13,1,0,0,0,0,0,0,0,0,0,0,0,0,0,0,0,0,0,0,0,0,1,0,0,0,0,0,0,0,0,0,0,0,0,0,0,0,0,0,0,0,0,0,0
179,9,3,"""Andy's Ancestry""",7.4,David Rogers,Jonathan Green & Gabe Miller,Greg Daniels,"October 4, 2012",9003,4.14,1,0,0,0,0,0,0,0,0,0,0,0,0,0,0,0,0,0,0,0,0,0,0,0,0,0,0,0,0,0,0,0,0,1,1,0,0,0,0,0,0,0,0,0
180,9,4,"""Work Bus""",7.8,Bryan Cranston,Brent Forrester,Greg Daniels,"October 18, 2012",9004,4.28,1,0,0,0,0,0,1,0,0,0,0,0,0,0,0,0,0,0,0,0,0,0,0,0,0,0,0,0,0,0,0,0,0,0,0,0,0,0,0,0,0,0,0,0
181,9,5,"""Here Comes Treble""",7.0,Claire Scanlon,Owen Ellickson,Greg Daniels,"October 25, 2012",9006,4.0,1,0,0,0,0,0,0,0,0,0,0,0,0,0,0,0,0,0,0,1,0,0,0,0,0,0,0,0,0,0,0,0,0,0,0,0,0,0,0,0,0,0,0,0
182,9,6,"""The Boat""",7.7,John Krasinski,Dan Sterling,Greg Daniels,"November 8, 2012",9007,4.83,1,0,0,0,0,0,0,0,0,0,0,0,0,0,0,0,0,0,0,0,0,0,0,0,0,0,0,0,0,0,0,1,0,0,0,0,0,0,0,0,0,0,0,0
183,9,7,"""The Whale""",7.6,Rodman Flender,Carrie Kemper,Greg Daniels,"November 15, 2012",9008,4.16,1,0,0,0,0,0,0,0,0,0,0,0,0,0,0,0,1,0,0,0,0,0,0,0,0,0,0,0,0,0,0,0,0,0,0,0,0,0,0,0,0,0,0,0
184,9,8,"""The Target""",7.8,Brent Forrester,Graham Wagner,Greg Daniels,"November 29, 2012",9009,3.88,1,0,0,0,0,0,0,0,0,0,0,0,0,0,0,0,0,0,0,0,0,0,0,0,1,0,0,0,0,0,0,0,0,0,0,0,0,0,0,0,0,0,0,0
185,9,9,"""Dwight Christmas""",8.4,Charles McDougall,Robert Padnick,Greg Daniels,"December 6, 2012",9010,4.16,1,0,0,0,0,0,0,0,0,0,0,0,0,0,0,0,0,0,0,0,1,0,0,0,0,0,0,0,0,0,0,0,0,0,0,0,0,0,0,0,0,0,0,0
186,9,10,"""Lice""",7.6,Rodman Flender,Niki Schwartz-Wright,Greg Daniels,"January 10, 2013",9011,4.54,1,0,0,0,0,0,0,0,0,0,0,0,0,0,0,0,0,0,0,0,0,0,0,1,0,0,0,0,0,0,0,0,0,0,0,0,0,0,0,0,0,0,0,0
187,9,11,"""Suit Warehouse""",7.8,Matt Sohn,Dan Greaney,Greg Daniels,"January 17, 2013",9012,4.15,1,0,0,0,0,0,0,0,0,0,0,0,0,0,0,0,0,0,0,0,0,0,0,0,0,0,0,0,1,0,0,0,0,0,0,0,0,0,0,0,0,0,0,0
188,9,12,"""Customer Loyalty""",7.9,Kelly Cantley,Jonathan Green & Gabe Miller,Greg Daniels,"January 24, 2013",9013,4.19,1,0,0,0,0,0,0,0,0,0,0,0,0,0,0,0,0,0,0,0,0,0,0,0,0,0,0,0,0,0,0,0,0,1,1,0,0,0,0,0,0,0,0,0
189,9,13,"""Junior Salesman""",7.6,David Rogers,Carrie Kemper,Greg Daniels,"January 31, 2013",9014,4.45,1,0,0,0,0,0,0,0,0,0,0,0,0,0,0,0,1,0,0,0,0,0,0,0,0,0,0,0,0,0,0,0,0,0,0,0,0,0,0,0,0,0,0,0
190,9,14,"""Vandalism""",7.5,Lee Kirk,Owen Ellickson,Greg Daniels,"January 31, 2013",9015,3.97,1,0,0,0,0,0,0,0,0,0,0,0,0,0,0,0,0,0,0,1,0,0,0,0,0,0,0,0,0,0,0,0,0,0,0,0,0,0,0,0,0,0,0,0
191,9,15,"""Couples Discount""",7.3,Troy Miller,Allison Silverman,Greg Daniels,"February 7, 2013",9016,4.15,1,0,0,0,0,0,0,0,0,0,0,0,0,0,0,0,0,0,0,0,0,1,0,0,0,0,0,0,0,0,0,0,0,0,0,0,0,0,0,0,0,0,0,0
192,9,16,"""Moving On""",8.1,Jon Favreau,Graham Wagner,Greg Daniels,"February 14, 2013",9017,4.06,1,0,0,0,0,0,0,0,0,0,0,0,0,0,0,0,0,0,0,0,0,0,0,0,1,0,0,0,0,0,0,0,0,0,0,0,0,0,0,0,0,0,0,0
193,9,17,"""The Farm""",7.5,Paul Lieberstein,Paul Lieberstein,Greg Daniels,"March 14, 2013",9005,3.54,1,0,0,0,0,1,0,0,0,0,0,0,0,0,0,0,0,0,0,0,0,0,0,0,0,0,0,0,0,0,0,0,0,0,0,0,0,0,0,0,0,0,0,0
194,9,18,"""Promos""",8.0,Jennifer Celotta,Tim McAuliffe,Greg Daniels,"April 4, 2013",9018,3.44,1,0,0,0,0,0,0,0,0,0,0,0,0,0,0,0,0,0,0,0,0,0,0,0,0,0,0,0,0,0,0,0,0,0,0,0,0,0,1,0,0,0,0,0
195,9,19,"""Stairmageddon""",8.0,Matt Sohn,Dan Sterling,Greg Daniels,"April 11, 2013",9019,3.83,1,0,0,0,0,0,0,0,0,0,0,0,0,0,0,0,0,0,0,0,0,0,0,0,0,0,0,0,0,0,0,1,0,0,0,0,0,0,0,0,0,0,0,0
196,9,20,"""Paper Airplane""",8.0,Jesse Peretz,Halsted Sullivan & Warren Lieberstein,Greg Daniels,"April 25, 2013",9020,3.25,1,0,0,0,0,0,0,0,0,0,0,0,0,0,0,0,0,1,1,0,0,0,0,0,0,0,0,0,0,0,0,0,0,0,0,0,0,0,0,0,0,0,0,0
197,9,21,"""Livin' the Dream""",9.0,Jeffrey Blitz,Niki Schwartz-Wright,Greg Daniels,"May 2, 2013",9021,3.51,1,0,0,0,0,0,0,0,0,0,0,0,0,0,0,0,0,0,0,0,0,0,0,1,0,0,0,0,0,0,0,0,0,0,0,0,0,0,0,0,0,0,0,0
198,9,22,"""A.A.R.M.""",9.5,David Rogers,Brent Forrester,Greg Daniels,"May 9, 2013",9022,4.56,1,0,0,0,0,0,1,0,0,0,0,0,0,0,0,0,0,0,0,0,0,0,0,0,0,0,0,0,0,0,0,0,0,0,0,0,0,0,0,0,0,0,0,1
200,9,24,"""Finale""",9.8,Ken Kwapis,Greg Daniels,Greg Daniels,"May 16, 2013",9024,5.69,1,0,0,0,0,0,0,1,0,0,0,0,0,0,0,0,0,0,0,0,0,0,0,0,0,0,0,0,0,0,0,0,0,0,0,0,0,0,0,0,0,0,0,1
